symbol,entry_datetime,exit_datetime,entry_type,pnl
INDUSTOWER,01-01-2024 10:15,01-02-2024 11:15,sell,-0.29%
LICHSGFIN,01-01-2024 10:15,01-02-2024 13:15,sell,-0.02%
MOTHERSON,01-01-2024 10:15,01-02-2024 11:15,buy,-0.14%
ASHOKLEY,01-01-2024 11:15,01-02-2024 10:15,buy,-0.27%
ACC,01-01-2024 14:15,01-02-2024 10:15,buy,-0.12%
ABFRL,01-02-2024 10:15,01-04-2024 11:15,sell,0.34%
GLENMARK,01-02-2024 10:15,01-05-2024 10:15,sell,0.11%
OFSS,01-02-2024 10:15,01-03-2024 10:15,buy,-0.09%
LUPIN,01-02-2024 12:15,01-04-2024 14:15,buy,0.10%
SUNPHARMA,01-02-2024 13:15,01-03-2024 13:15,sell,0.01%
ACC,01-02-2024 14:15,01-03-2024 12:15,sell,0.05%
GODREJCP,01-02-2024 15:15,01-08-2024 10:15,buy,0.03%
ADANIENT,01-03-2024 10:15,01-03-2024 11:15,sell,-0.43%
ADANIPORTS,01-03-2024 10:15,01-03-2024 11:15,buy,-0.38%
ITC,01-03-2024 10:15,01-04-2024 15:15,buy,-0.03%
ABCAPITAL,01-03-2024 11:15,01-04-2024 10:15,sell,-0.01%
BIOCON,01-03-2024 11:15,01-05-2024 14:15,sell,0.08%
HAVELLS,01-03-2024 12:15,01-03-2024 15:15,sell,-0.14%
BANDHANBNK,01-03-2024 13:15,01-04-2024 10:15,sell,-0.07%
BAJAJ-AUTO,01-03-2024 15:15,01-05-2024 11:15,buy,-0.02%
HINDPETRO,01-03-2024 15:15,01-04-2024 10:15,sell,-0.19%
BAJFINANCE,01-04-2024 10:15,01-09-2024 15:15,buy,0.10%
GODREJPROP,01-04-2024 10:15,01-08-2024 11:15,sell,0.20%
OBEROIRLTY,01-04-2024 10:15,01-05-2024 14:15,sell,0.08%
DLF,01-04-2024 11:15,01-05-2024 11:15,sell,-0.01%
INDUSINDBK,01-04-2024 14:15,01-05-2024 10:15,buy,-0.08%
INDUSTOWER,01-04-2024 15:15,01-08-2024 10:15,buy,0.05%
ABCAPITAL,01-05-2024 10:15,01-05-2024 14:15,buy,-0.19%
HAL,01-05-2024 10:15,01-08-2024 15:15,buy,-0.08%
ACC,01-05-2024 11:15,01-08-2024 10:15,sell,-0.12%
MRF,01-05-2024 11:15,01-08-2024 12:15,buy,-0.06%
ONGC,01-08-2024 10:15,01-09-2024 10:15,buy,-0.10%
SHRIRAMFIN,01-08-2024 10:15,01-09-2024 11:15,buy,-0.06%
ADANIPORTS,01-08-2024 12:15,01-09-2024 13:15,sell,0.11%
CIPLA,01-10-2024 15:15,01-12-2024 10:15,sell,-0.14%
BALKRISIND,01-11-2024 10:15,01-11-2024 14:15,buy,-0.16%
HAVELLS,01-11-2024 10:15,01-11-2024 12:15,sell,-0.18%
HEROMOTOCO,01-11-2024 10:15,1/15/2024 12:15,sell,0.21%
RELIANCE,01-11-2024 10:15,1/16/2024 15:15,sell,0.27%
TORNTPHARM,01-11-2024 10:15,01-12-2024 11:15,buy,-0.09%
TRENT,01-11-2024 10:15,01-11-2024 14:15,buy,-0.08%
BAJAJ-AUTO,01-11-2024 12:15,1/15/2024 10:15,sell,0.06%
TVSMOTOR,01-11-2024 12:15,01-12-2024 10:15,sell,-0.08%
SHRIRAMFIN,01-11-2024 13:15,1/16/2024 13:15,sell,0.15%
VOLTAS,01-11-2024 15:15,1/15/2024 10:15,buy,-0.04%
COFORGE,01-12-2024 10:15,1/15/2024 15:15,sell,0.10%
PERSISTENT,01-12-2024 10:15,1/15/2024 11:15,sell,0.05%
TCS,01-12-2024 10:15,1/15/2024 13:15,buy,0.05%
TECHM,01-12-2024 10:15,1/16/2024 10:15,buy,0.14%
BSOFT,01-12-2024 13:15,1/15/2024 11:15,buy,-0.06%
HCLTECH,1/15/2024 10:15,1/16/2024 10:15,buy,-0.29%
WIPRO,1/15/2024 10:15,1/16/2024 10:15,sell,-0.26%
OFSS,1/15/2024 11:15,1/16/2024 13:15,sell,-0.05%
ONGC,1/15/2024 11:15,1/17/2024 12:15,sell,0.15%
INFY,1/15/2024 12:15,1/17/2024 15:15,buy,-0.02%
INDHOTEL,1/15/2024 13:15,1/16/2024 11:15,sell,-0.09%
BHARTIARTL,1/15/2024 15:15,1/16/2024 13:15,buy,-0.06%
BOSCHLTD,1/16/2024 10:15,1/16/2024 11:15,buy,-0.07%
IOC,1/16/2024 10:15,1/19/2024 12:15,sell,0.37%
NATIONALUM,1/16/2024 10:15,1/16/2024 13:15,sell,-0.28%
PAGEIND,1/16/2024 11:15,1/16/2024 12:15,buy,-0.25%
TITAN,1/16/2024 11:15,1/18/2024 10:15,sell,-0.19%
MRF,1/16/2024 12:15,1/17/2024 11:15,buy,-0.10%
CHOLAFIN,1/16/2024 14:15,1/17/2024 12:15,buy,-0.11%
ICICIGI,1/17/2024 12:15,1/18/2024 10:15,sell,-0.25%
OFSS,1/18/2024 10:15,1/23/2024 10:15,buy,0.73%
APOLLOTYRE,1/18/2024 13:15,1/23/2024 12:15,buy,0.43%
MGL,1/19/2024 10:15,1/20/2024 10:15,buy,-0.21%
AARTIIND,1/19/2024 12:15,1/23/2024 10:15,buy,-0.04%
IOC,1/19/2024 14:15,1/23/2024 10:15,sell,-0.17%
APOLLOHOSP,1/20/2024 11:15,1/20/2024 14:15,sell,-0.10%
COALINDIA,1/20/2024 11:15,1/23/2024 10:15,buy,-0.13%
IRCTC,1/20/2024 11:15,1/23/2024 10:15,sell,-0.43%
PETRONET,1/20/2024 11:15,1/24/2024 12:15,buy,0.34%
TECHM,1/20/2024 11:15,1/23/2024 12:15,sell,-0.08%
MRF,1/20/2024 14:15,1/23/2024 12:15,sell,-0.27%
BALKRISIND,1/20/2024 15:15,1/23/2024 10:15,buy,-0.23%
BHARTIARTL,1/23/2024 10:15,1/25/2024 13:15,sell,0.07%
CIPLA,1/23/2024 10:15,1/25/2024 10:15,buy,-0.02%
PERSISTENT,1/23/2024 10:15,1/25/2024 11:15,sell,-0.09%
SUNPHARMA,1/23/2024 10:15,1/25/2024 10:15,sell,-0.08%
SHREECEM,1/23/2024 11:15,1/23/2024 12:15,sell,-0.13%
BAJAJ-AUTO,1/25/2024 10:15,1/30/2024 11:15,sell,0.13%
ACC,1/25/2024 15:15,1/30/2024 15:15,sell,0.17%
AMBUJACEM,1/29/2024 10:15,1/30/2024 15:15,sell,-0.09%
MCX,1/29/2024 10:15,1/30/2024 15:15,buy,-0.03%
NATIONALUM,1/29/2024 11:15,1/29/2024 13:15,sell,-0.23%
TATAPOWER,1/29/2024 11:15,1/30/2024 15:15,sell,-0.02%
RELIANCE,1/29/2024 12:15,1/30/2024 15:15,sell,-0.02%
ONGC,1/29/2024 13:15,1/30/2024 14:15,sell,0.08%
CUMMINSIND,1/29/2024 14:15,1/30/2024 11:15,buy,-0.13%
COALINDIA,1/29/2024 15:15,1/30/2024 11:15,buy,-0.14%
SHRIRAMFIN,1/30/2024 10:15,1/31/2024 10:15,sell,-0.23%
BHEL,1/30/2024 11:15,1/30/2024 15:15,sell,-0.21%
PETRONET,1/30/2024 11:15,1/30/2024 13:15,sell,-0.44%
TATAMOTORS,1/30/2024 11:15,02-01-2024 15:15,buy,0.33%
BOSCHLTD,1/30/2024 13:15,1/31/2024 13:15,buy,-0.06%
JINDALSTEL,1/30/2024 14:15,1/30/2024 15:15,buy,-0.14%
SYNGENE,1/31/2024 10:15,02-02-2024 15:15,buy,0.20%
RAMCOCEM,1/31/2024 11:15,02-01-2024 10:15,buy,-0.02%
EICHERMOT,1/31/2024 12:15,02-02-2024 10:15,buy,0.12%
EXIDEIND,1/31/2024 15:15,02-01-2024 12:15,buy,-0.12%
PNB,1/31/2024 15:15,02-05-2024 15:15,buy,0.62%
DABUR,02-01-2024 10:15,02-01-2024 13:15,sell,-0.12%
GODREJCP,02-01-2024 10:15,02-02-2024 11:15,sell,-0.31%
MARUTI,02-01-2024 10:15,02-05-2024 10:15,buy,0.10%
POWERGRID,02-01-2024 10:15,02-06-2024 10:15,sell,0.26%
SHREECEM,02-01-2024 10:15,02-01-2024 13:15,buy,-0.24%
ICICIPRULI,02-01-2024 12:15,02-02-2024 12:15,buy,-0.06%
BANKBARODA,02-01-2024 13:15,02-05-2024 13:15,buy,0.18%
CANBK,02-01-2024 13:15,02-06-2024 11:15,sell,0.29%
NMDC,02-02-2024 10:15,02-06-2024 10:15,sell,0.39%
PIIND,02-02-2024 10:15,02-02-2024 12:15,sell,-0.05%
BPCL,02-02-2024 11:15,02-09-2024 10:15,sell,1.36%
IOC,02-02-2024 12:15,02-09-2024 10:15,buy,1.67%
MCX,02-02-2024 12:15,02-06-2024 13:15,buy,0.49%
INDIGO,02-05-2024 10:15,02-05-2024 15:15,buy,-0.29%
LUPIN,02-05-2024 10:15,02-08-2024 14:15,sell,0.22%
COALINDIA,02-05-2024 13:15,02-08-2024 10:15,buy,0.31%
BIOCON,02-06-2024 10:15,02-06-2024 15:15,sell,0.16%
SAIL,02-06-2024 10:15,02-07-2024 15:15,buy,0.45%
TCS,02-06-2024 10:15,02-07-2024 11:15,buy,-0.01%
ONGC,02-06-2024 12:15,02-07-2024 11:15,sell,-0.06%
PETRONET,02-06-2024 12:15,02-07-2024 10:15,buy,-0.27%
HINDPETRO,02-06-2024 13:15,02-08-2024 15:15,sell,0.10%
ICICIGI,02-06-2024 15:15,02-12-2024 12:15,sell,0.22%
TATASTEEL,02-07-2024 10:15,02-07-2024 14:15,buy,-0.14%
M&MFIN,02-07-2024 11:15,02-07-2024 12:15,buy,-0.17%
PIDILITIND,02-07-2024 11:15,02-08-2024 10:15,sell,0.05%
CANBK,02-07-2024 12:15,02-09-2024 11:15,buy,0.14%
BOSCHLTD,02-07-2024 14:15,02-08-2024 11:15,sell,-0.11%
TRENT,02-07-2024 15:15,02-12-2024 12:15,sell,0.25%
CUMMINSIND,02-08-2024 10:15,02-12-2024 15:15,sell,0.09%
SBIN,02-08-2024 10:15,02-12-2024 12:15,sell,0.26%
NAUKRI,02-08-2024 12:15,02-12-2024 11:15,buy,-0.04%
MFSL,02-08-2024 15:15,02-09-2024 15:15,buy,-0.09%
PIIND,02-09-2024 10:15,02-09-2024 11:15,buy,-0.10%
SUNPHARMA,02-09-2024 11:15,2/14/2024 10:15,sell,-0.03%
APOLLOHOSP,02-09-2024 13:15,2/15/2024 10:15,buy,0.45%
OFSS,02-09-2024 15:15,02-12-2024 11:15,buy,-0.23%
BOSCHLTD,2/14/2024 10:15,2/21/2024 11:15,buy,0.48%
SBIN,2/14/2024 14:15,2/16/2024 14:15,sell,0.21%
HINDPETRO,2/15/2024 10:15,2/16/2024 12:15,sell,-0.11%
MARUTI,2/15/2024 10:15,2/20/2024 10:15,sell,0.28%
CANBK,2/15/2024 12:15,2/16/2024 10:15,buy,-0.16%
BPCL,2/15/2024 13:15,2/16/2024 15:15,sell,0.05%
M&M,2/15/2024 13:15,2/21/2024 14:15,buy,0.43%
FEDERALBNK,2/15/2024 15:15,2/20/2024 10:15,buy,-0.20%
POLYCAB,2/15/2024 15:15,2/16/2024 13:15,sell,-0.10%
BAJAJ-AUTO,2/16/2024 10:15,2/20/2024 10:15,sell,-0.05%
TVSMOTOR,2/16/2024 10:15,2/16/2024 14:15,sell,-0.13%
ZYDUSLIFE,2/16/2024 12:15,2/20/2024 14:15,buy,0.09%
CONCOR,2/16/2024 13:15,2/20/2024 13:15,buy,0.10%
GRANULES,2/16/2024 14:15,2/20/2024 10:15,sell,0.02%
WIPRO,2/16/2024 14:15,2/19/2024 10:15,sell,-0.08%
MPHASIS,2/16/2024 15:15,2/19/2024 15:15,sell,-0.06%
POLYCAB,2/19/2024 10:15,2/20/2024 14:15,buy,-0.05%
DIXON,2/19/2024 15:15,2/20/2024 15:15,buy,-0.05%
JUBLFOOD,2/20/2024 10:15,2/21/2024 10:15,buy,-0.10%
HDFCBANK,2/20/2024 15:15,2/21/2024 14:15,sell,-0.09%
ABB,2/21/2024 10:15,2/26/2024 10:15,sell,0.74%
CONCOR,2/21/2024 10:15,2/21/2024 11:15,buy,-0.15%
INDHOTEL,2/21/2024 10:15,2/26/2024 10:15,buy,0.39%
PEL,2/21/2024 10:15,2/21/2024 15:15,buy,-0.03%
DLF,2/21/2024 13:15,2/23/2024 12:15,sell,0.02%
MARICO,2/21/2024 13:15,2/22/2024 15:15,sell,-0.01%
HAVELLS,2/22/2024 14:15,2/23/2024 14:15,sell,-0.04%
CUMMINSIND,2/22/2024 15:15,2/26/2024 10:15,sell,-0.15%
BEL,2/23/2024 10:15,2/28/2024 11:15,sell,0.22%
GODREJPROP,2/23/2024 10:15,2/26/2024 11:15,sell,-0.04%
IDEA,2/23/2024 10:15,2/26/2024 10:15,sell,-0.25%
M&M,2/23/2024 10:15,2/27/2024 10:15,sell,0.00%
INDIGO,2/23/2024 12:15,2/23/2024 13:15,sell,-0.10%
ZYDUSLIFE,2/23/2024 12:15,2/28/2024 11:15,sell,0.07%
ASTRAL,2/23/2024 13:15,2/27/2024 12:15,buy,0.04%
NESTLEIND,2/23/2024 15:15,2/26/2024 13:15,buy,-0.04%
DIXON,2/26/2024 10:15,2/27/2024 10:15,sell,-0.22%
INDUSTOWER,2/26/2024 10:15,2/27/2024 10:15,buy,-0.25%
LT,2/26/2024 10:15,2/28/2024 11:15,buy,0.00%
SHRIRAMFIN,2/26/2024 10:15,2/27/2024 10:15,buy,-0.21%
ABCAPITAL,2/26/2024 11:15,2/26/2024 14:15,buy,-0.16%
HAVELLS,2/27/2024 10:15,03-01-2024 12:15,buy,0.37%
ICICIGI,2/27/2024 10:15,2/29/2024 10:15,buy,-0.06%
SBILIFE,2/27/2024 12:15,2/27/2024 15:15,buy,-0.14%
TATAMOTORS,2/27/2024 15:15,2/28/2024 12:15,buy,-0.04%
ABB,2/28/2024 10:15,2/28/2024 12:15,sell,-0.15%
BERGEPAINT,2/29/2024 15:15,03-01-2024 10:15,sell,-0.22%
LT,03-01-2024 12:15,03-05-2024 10:15,sell,0.07%
JINDALSTEL,03-01-2024 15:15,03-05-2024 11:15,sell,0.07%
TATASTEEL,03-01-2024 15:15,03-04-2024 15:15,sell,0.24%
HAVELLS,03-02-2024 10:15,03-04-2024 10:15,sell,-0.11%
TATAMOTORS,03-02-2024 10:15,03-05-2024 14:15,buy,0.31%
SAIL,03-02-2024 12:15,03-05-2024 11:15,sell,0.19%
HINDCOPPER,03-02-2024 13:15,03-05-2024 11:15,sell,0.02%
AUROPHARMA,03-04-2024 10:15,03-05-2024 10:15,buy,-0.12%
BHEL,03-04-2024 10:15,03-05-2024 10:15,buy,-0.04%
IEX,03-04-2024 10:15,03-04-2024 12:15,sell,-0.24%
NTPC,03-04-2024 10:15,03-06-2024 10:15,buy,-0.12%
TATAPOWER,03-04-2024 12:15,03-06-2024 10:15,buy,-0.14%
TATACHEM,03-04-2024 15:15,03-11-2024 10:15,sell,1.86%
IGL,03-05-2024 10:15,03-06-2024 10:15,buy,-0.52%
MANAPPURAM,03-05-2024 10:15,03-05-2024 14:15,sell,-0.28%
MGL,03-05-2024 10:15,03-06-2024 10:15,buy,-1.41%
CANBK,03-05-2024 11:15,03-06-2024 10:15,buy,-0.15%
MUTHOOTFIN,03-05-2024 11:15,03-05-2024 15:15,sell,-0.31%
VEDL,03-05-2024 13:15,03-06-2024 10:15,buy,-0.12%
ONGC,03-05-2024 15:15,03-06-2024 10:15,buy,-0.31%
BAJAJ-AUTO,03-06-2024 15:15,03-11-2024 10:15,buy,0.12%
BHARTIARTL,03-06-2024 15:15,03-11-2024 15:15,sell,0.02%
ICICIPRULI,03-06-2024 15:15,3/13/2024 10:15,sell,0.23%
PIDILITIND,03-06-2024 15:15,03-12-2024 10:15,buy,0.19%
SUNPHARMA,03-06-2024 15:15,03-11-2024 15:15,buy,-0.09%
CHAMBLFERT,03-07-2024 10:15,03-11-2024 15:15,buy,-0.10%
OFSS,03-07-2024 11:15,03-11-2024 10:15,sell,-0.14%
TATAPOWER,03-07-2024 12:15,03-11-2024 12:15,sell,-0.20%
TATACONSUM,03-07-2024 13:15,03-11-2024 10:15,buy,-0.22%
ABB,03-11-2024 10:15,03-11-2024 13:15,sell,-0.12%
HAL,03-11-2024 10:15,03-12-2024 10:15,buy,-0.09%
TRENT,03-11-2024 10:15,03-11-2024 12:15,buy,-0.52%
ZYDUSLIFE,03-11-2024 10:15,03-12-2024 12:15,sell,-0.13%
EICHERMOT,3/20/2024 11:15,3/22/2024 10:15,sell,-0.09%
MARUTI,3/20/2024 11:15,3/21/2024 12:15,buy,-0.11%
MUTHOOTFIN,3/21/2024 10:15,3/27/2024 10:15,sell,0.42%
CUMMINSIND,3/21/2024 15:15,3/27/2024 13:15,sell,0.21%
OBEROIRLTY,3/21/2024 15:15,3/28/2024 11:15,sell,0.49%
BAJAJ-AUTO,3/22/2024 11:15,3/28/2024 10:15,buy,0.06%
DALBHARAT,3/22/2024 13:15,3/26/2024 10:15,buy,-0.15%
MARUTI,3/22/2024 13:15,3/26/2024 10:15,buy,-0.16%
APOLLOHOSP,3/22/2024 14:15,3/26/2024 14:15,buy,-0.02%
BAJFINANCE,3/26/2024 10:15,04-01-2024 10:15,buy,0.56%
INDUSTOWER,3/26/2024 10:15,04-02-2024 10:15,buy,0.98%
JINDALSTEL,3/26/2024 10:15,3/26/2024 15:15,buy,-0.13%
CHOLAFIN,3/26/2024 11:15,04-03-2024 10:15,buy,0.61%
TITAN,3/26/2024 11:15,3/26/2024 13:15,sell,-0.06%
PIDILITIND,3/26/2024 13:15,3/27/2024 15:15,sell,-0.04%
INDIGO,3/26/2024 14:15,04-01-2024 13:15,sell,0.25%
DIXON,3/27/2024 10:15,04-03-2024 13:15,buy,0.57%
SIEMENS,3/27/2024 10:15,04-02-2024 10:15,sell,0.34%
ABB,3/27/2024 13:15,04-02-2024 10:15,buy,0.15%
INDUSINDBK,3/27/2024 15:15,04-01-2024 12:15,buy,0.16%
LT,3/28/2024 10:15,3/28/2024 15:15,sell,0.00%
NTPC,3/28/2024 11:15,3/28/2024 15:15,sell,0.01%
AUROPHARMA,3/28/2024 15:15,04-02-2024 12:15,buy,0.18%
LICHSGFIN,3/28/2024 15:15,04-03-2024 10:15,sell,0.39%
DLF,04-01-2024 10:15,04-02-2024 10:15,sell,-0.19%
NAUKRI,04-01-2024 12:15,04-02-2024 11:15,sell,-0.10%
TATASTEEL,04-01-2024 13:15,04-03-2024 13:15,buy,0.07%
ABCAPITAL,04-02-2024 10:15,04-08-2024 10:15,sell,0.51%
ABFRL,04-02-2024 10:15,04-02-2024 15:15,buy,-0.38%
BEL,04-02-2024 10:15,04-03-2024 12:15,sell,0.02%
GODREJPROP,04-02-2024 10:15,04-03-2024 10:15,buy,-0.11%
M&MFIN,04-02-2024 11:15,04-04-2024 10:15,buy,0.04%
IRCTC,04-02-2024 12:15,04-03-2024 15:15,buy,0.16%
ACC,04-02-2024 15:15,04-03-2024 14:15,buy,-0.05%
NATIONALUM,04-03-2024 10:15,04-08-2024 10:15,sell,0.04%
SAIL,04-03-2024 10:15,04-03-2024 14:15,sell,-0.15%
SHRIRAMFIN,04-03-2024 10:15,04-04-2024 10:15,buy,-0.04%
CHAMBLFERT,04-03-2024 12:15,04-04-2024 10:15,sell,-0.14%
JINDALSTEL,04-03-2024 13:15,04-04-2024 12:15,buy,-0.14%
LAURUSLABS,04-03-2024 13:15,04-05-2024 15:15,buy,-0.03%
DIVISLAB,04-03-2024 14:15,04-08-2024 13:15,sell,0.20%
MANAPPURAM,04-03-2024 14:15,04-04-2024 14:15,sell,0.18%
PNB,04-03-2024 15:15,04-08-2024 10:15,sell,-0.18%
ESCORTS,04-04-2024 10:15,04-09-2024 10:15,buy,0.15%
MUTHOOTFIN,04-04-2024 10:15,04-05-2024 10:15,sell,-0.20%
NTPC,04-04-2024 10:15,04-05-2024 12:15,sell,-0.10%
AUBANK,04-04-2024 12:15,04-05-2024 12:15,buy,-0.13%
COFORGE,04-04-2024 14:15,04-05-2024 13:15,buy,-0.14%
HDFCBANK,04-05-2024 10:15,04-08-2024 11:15,buy,0.02%
IGL,04-05-2024 12:15,04-05-2024 14:15,buy,-0.25%
SBICARD,04-05-2024 12:15,04-12-2024 10:15,sell,0.30%
VEDL,04-05-2024 13:15,4/16/2024 13:15,buy,1.82%
POLYCAB,04-05-2024 14:15,04-08-2024 14:15,sell,-0.05%
GLENMARK,04-08-2024 10:15,04-10-2024 10:15,sell,0.12%
MARICO,04-08-2024 10:15,04-09-2024 11:15,buy,-0.09%
NAUKRI,04-08-2024 10:15,04-10-2024 10:15,buy,0.00%
VOLTAS,04-08-2024 10:15,04-09-2024 15:15,sell,-0.18%
GODREJPROP,04-08-2024 11:15,04-08-2024 15:15,buy,-0.30%
EXIDEIND,04-08-2024 13:15,4/19/2024 11:15,sell,1.89%
GAIL,04-08-2024 14:15,04-10-2024 14:15,sell,0.20%
BALKRISIND,04-08-2024 15:15,04-09-2024 11:15,buy,-0.09%
HINDCOPPER,04-09-2024 10:15,04-10-2024 11:15,sell,-0.21%
PAGEIND,04-09-2024 11:15,04-12-2024 10:15,sell,0.11%
TATASTEEL,04-09-2024 11:15,04-09-2024 13:15,buy,-0.15%
TATAPOWER,04-09-2024 13:15,04-12-2024 15:15,buy,0.15%
INDIGO,04-10-2024 10:15,04-12-2024 15:15,buy,-0.18%
MCX,04-10-2024 10:15,04-12-2024 14:15,sell,0.05%
NMDC,04-10-2024 10:15,04-12-2024 13:15,buy,-0.11%
PETRONET,04-10-2024 11:15,04-12-2024 12:15,buy,-0.02%
AARTIIND,04-10-2024 14:15,4/15/2024 10:15,buy,-0.03%
IDFCFIRSTB,04-12-2024 10:15,4/15/2024 10:15,sell,-0.24%
SYNGENE,04-12-2024 10:15,04-12-2024 15:15,sell,-0.02%
IRCTC,04-12-2024 12:15,4/15/2024 10:15,sell,-0.25%
CROMPTON,04-12-2024 13:15,4/15/2024 12:15,buy,-0.08%
HINDALCO,4/15/2024 11:15,4/16/2024 12:15,buy,-0.09%
ONGC,4/16/2024 10:15,4/16/2024 13:15,buy,-0.15%
INDUSTOWER,4/18/2024 10:15,4/18/2024 15:15,buy,-0.20%
MOTHERSON,4/18/2024 10:15,4/18/2024 15:15,buy,-0.23%
BHARTIARTL,4/18/2024 12:15,4/25/2024 10:15,sell,0.55%
VEDL,4/18/2024 13:15,4/19/2024 11:15,buy,-0.25%
VOLTAS,4/22/2024 12:15,4/30/2024 12:15,sell,0.65%
GRASIM,4/23/2024 12:15,4/24/2024 14:15,buy,-0.02%
ABFRL,4/23/2024 13:15,4/25/2024 12:15,buy,0.01%
ABCAPITAL,4/23/2024 14:15,4/24/2024 15:15,buy,-0.10%
BIOCON,4/24/2024 10:15,4/25/2024 11:15,sell,0.08%
CHAMBLFERT,4/24/2024 10:15,4/30/2024 10:15,sell,0.79%
HAL,4/24/2024 10:15,4/26/2024 10:15,buy,0.26%
POWERGRID,4/24/2024 12:15,4/26/2024 10:15,sell,0.10%
SAIL,4/24/2024 12:15,4/26/2024 11:15,buy,0.26%
TORNTPHARM,4/24/2024 14:15,4/26/2024 13:15,sell,0.08%
AXISBANK,4/25/2024 10:15,05-02-2024 11:15,sell,0.46%
BHARATFORG,4/25/2024 10:15,4/29/2024 10:15,sell,-0.07%
BHEL,4/25/2024 11:15,4/29/2024 10:15,buy,0.12%
SBIN,4/25/2024 12:15,4/26/2024 11:15,sell,0.17%
CONCOR,4/26/2024 10:15,4/30/2024 10:15,buy,0.03%
TECHM,4/26/2024 10:15,4/26/2024 15:15,sell,-0.27%
ASHOKLEY,4/26/2024 11:15,05-07-2024 10:15,sell,0.69%
PEL,4/26/2024 11:15,4/30/2024 14:15,sell,0.01%
DRREDDY,4/26/2024 13:15,4/26/2024 15:15,sell,-0.09%
COLPAL,4/26/2024 15:15,4/29/2024 14:15,buy,-0.12%
DIVISLAB,4/26/2024 15:15,4/29/2024 14:15,buy,-0.01%
ASTRAL,4/29/2024 10:15,4/29/2024 15:15,sell,-0.05%
AUROPHARMA,4/29/2024 10:15,4/30/2024 15:15,buy,0.09%
ICICIBANK,4/29/2024 14:15,4/30/2024 13:15,buy,-0.06%
SBIN,4/29/2024 14:15,05-02-2024 13:15,sell,0.02%
ABCAPITAL,4/29/2024 15:15,4/30/2024 11:15,buy,-0.40%
TRENT,4/30/2024 10:15,4/30/2024 11:15,buy,-0.15%
TVSMOTOR,4/30/2024 10:15,4/30/2024 15:15,sell,-0.14%
MRF,4/30/2024 11:15,4/30/2024 13:15,sell,-0.09%
RECLTD,4/30/2024 11:15,05-06-2024 10:15,sell,0.40%
PFC,4/30/2024 12:15,05-06-2024 10:15,sell,-0.14%
JUBLFOOD,4/30/2024 13:15,05-02-2024 11:15,buy,-0.06%
POWERGRID,4/30/2024 13:15,05-03-2024 14:15,buy,0.24%
BANKBARODA,4/30/2024 14:15,05-02-2024 15:15,buy,-0.16%
PNB,4/30/2024 15:15,05-02-2024 10:15,buy,-0.15%
BHEL,05-02-2024 10:15,05-06-2024 10:15,buy,-0.36%
FEDERALBNK,05-02-2024 10:15,05-02-2024 12:15,buy,-0.15%
CROMPTON,05-02-2024 11:15,05-02-2024 15:15,sell,-0.05%
HDFCAMC,05-02-2024 11:15,05-06-2024 10:15,sell,-0.02%
INDIGO,05-02-2024 12:15,05-03-2024 11:15,sell,0.00%
CHOLAFIN,05-02-2024 13:15,05-07-2024 10:15,sell,0.02%
ASIANPAINT,05-02-2024 15:15,05-03-2024 11:15,buy,-0.06%
ESCORTS,05-02-2024 15:15,05-06-2024 12:15,buy,-0.11%
COALINDIA,05-03-2024 11:15,05-03-2024 12:15,buy,-0.20%
DABUR,05-03-2024 11:15,05-06-2024 11:15,buy,-0.08%
CUMMINSIND,05-03-2024 13:15,05-03-2024 14:15,buy,-0.15%
NMDC,05-03-2024 15:15,05-06-2024 10:15,sell,-0.31%
ABB,05-06-2024 10:15,05-07-2024 11:15,sell,-0.02%
M&M,05-06-2024 10:15,05-07-2024 10:15,sell,-0.10%
BRITANNIA,05-06-2024 11:15,05-09-2024 10:15,sell,0.05%
GODREJPROP,05-06-2024 11:15,05-07-2024 12:15,sell,0.03%
SIEMENS,05-06-2024 11:15,05-07-2024 12:15,buy,-0.03%
ALKEM,05-06-2024 12:15,05-07-2024 11:15,buy,-0.02%
COLPAL,05-07-2024 10:15,05-07-2024 12:15,sell,-0.23%
DABUR,05-07-2024 10:15,05-09-2024 14:15,buy,-0.08%
GODREJCP,05-07-2024 10:15,05-09-2024 11:15,sell,0.24%
HINDUNILVR,05-07-2024 10:15,05-08-2024 11:15,buy,-0.10%
MARICO,05-07-2024 10:15,05-10-2024 11:15,sell,0.28%
JUBLFOOD,05-07-2024 12:15,05-07-2024 15:15,buy,-0.18%
BHARATFORG,05-08-2024 14:15,05-10-2024 12:15,sell,0.41%
HEROMOTOCO,05-09-2024 10:15,05-09-2024 15:15,buy,-0.25%
POLYCAB,05-10-2024 14:15,05-10-2024 15:15,sell,-0.33%
ABB,5/13/2024 10:15,5/22/2024 10:15,sell,0.97%
UPL,5/13/2024 11:15,5/14/2024 10:15,sell,-0.19%
SIEMENS,5/13/2024 13:15,5/17/2024 10:15,buy,1.02%
ASTRAL,5/14/2024 11:15,5/15/2024 12:15,sell,-0.11%
INDIGO,5/14/2024 11:15,5/14/2024 12:15,buy,-0.09%
ADANIENT,5/14/2024 12:15,5/16/2024 10:15,buy,-0.01%
BOSCHLTD,5/14/2024 12:15,5/15/2024 10:15,buy,-0.21%
CUMMINSIND,5/14/2024 15:15,5/18/2024 13:15,buy,0.78%
NATIONALUM,5/14/2024 15:15,5/16/2024 14:15,buy,-0.12%
OBEROIRLTY,5/15/2024 10:15,5/21/2024 11:15,sell,0.89%
VEDL,5/15/2024 10:15,5/16/2024 11:15,buy,-0.13%
INDIGO,5/15/2024 12:15,5/17/2024 13:15,sell,0.20%
M&M,5/15/2024 12:15,5/16/2024 13:15,buy,-0.02%
HAL,5/15/2024 14:15,5/27/2024 10:15,sell,2.20%
BHARTIARTL,5/16/2024 10:15,5/16/2024 14:15,buy,-0.12%
JINDALSTEL,5/16/2024 11:15,5/17/2024 14:15,sell,0.08%
ASTRAL,5/16/2024 13:15,5/18/2024 10:15,buy,-0.25%
HAVELLS,5/16/2024 15:15,5/22/2024 10:15,buy,0.34%
M&M,5/16/2024 15:15,5/21/2024 10:15,sell,0.45%
CROMPTON,5/17/2024 10:15,5/21/2024 12:15,sell,0.08%
BALKRISIND,5/17/2024 13:15,5/23/2024 13:15,buy,1.50%
IRCTC,5/17/2024 14:15,5/23/2024 15:15,buy,0.25%
ZYDUSLIFE,5/18/2024 10:15,5/21/2024 15:15,buy,-0.17%
BEL,5/18/2024 13:15,5/27/2024 14:15,buy,1.42%
IEX,5/21/2024 10:15,5/22/2024 10:15,buy,-0.59%
VEDL,5/21/2024 11:15,5/23/2024 10:15,sell,-0.20%
JINDALSTEL,5/21/2024 12:15,5/23/2024 11:15,buy,-0.02%
HINDALCO,5/21/2024 15:15,5/22/2024 12:15,sell,-0.14%
COALINDIA,5/22/2024 10:15,5/23/2024 12:15,sell,-0.17%
COFORGE,5/22/2024 10:15,5/28/2024 13:15,buy,0.66%
HINDCOPPER,5/22/2024 10:15,5/22/2024 11:15,buy,-0.20%
LAURUSLABS,5/22/2024 11:15,5/23/2024 10:15,sell,-0.11%
CIPLA,5/22/2024 12:15,5/24/2024 10:15,sell,0.11%
GRANULES,5/23/2024 10:15,5/24/2024 10:15,sell,-0.11%
HINDPETRO,5/23/2024 11:15,5/23/2024 14:15,sell,-0.07%
ADANIENT,5/23/2024 12:15,5/27/2024 10:15,buy,0.16%
TECHM,5/23/2024 12:15,5/24/2024 10:15,buy,-0.02%
M&M,5/23/2024 13:15,5/24/2024 13:15,sell,0.01%
TITAN,5/23/2024 14:15,5/24/2024 10:15,buy,-0.09%
RELIANCE,5/23/2024 15:15,5/24/2024 10:15,sell,-0.07%
BIOCON,5/24/2024 10:15,5/24/2024 11:15,sell,-0.19%
HAVELLS,5/24/2024 10:15,5/27/2024 12:15,sell,-0.03%
IDEA,5/24/2024 10:15,5/27/2024 15:15,sell,0.07%
LT,5/24/2024 10:15,5/29/2024 10:15,buy,0.03%
ULTRACEMCO,5/24/2024 10:15,5/27/2024 11:15,sell,0.03%
HDFCBANK,5/24/2024 11:15,5/29/2024 10:15,buy,0.03%
DIVISLAB,5/24/2024 13:15,5/31/2024 10:15,sell,0.51%
GLENMARK,5/27/2024 10:15,5/30/2024 11:15,sell,0.42%
PFC,5/27/2024 10:15,5/29/2024 11:15,buy,0.08%
VOLTAS,5/27/2024 11:15,5/28/2024 12:15,buy,-0.21%
MOTHERSON,5/27/2024 12:15,5/28/2024 12:15,sell,-0.17%
PERSISTENT,5/27/2024 14:15,5/28/2024 13:15,sell,-0.17%
RECLTD,5/27/2024 15:15,5/28/2024 11:15,sell,-0.16%
JUBLFOOD,5/28/2024 11:15,5/28/2024 12:15,sell,-0.21%
MOTHERSON,5/30/2024 14:15,06-03-2024 11:15,buy,-0.13%
ADANIENT,06-03-2024 10:15,06-04-2024 10:15,buy,-0.66%
ADANIPORTS,06-03-2024 10:15,06-04-2024 10:15,buy,-0.61%
BANKBARODA,06-03-2024 10:15,06-04-2024 10:15,buy,-0.35%
BEL,06-03-2024 10:15,06-04-2024 10:15,sell,-0.63%
COALINDIA,06-03-2024 10:15,06-03-2024 13:15,sell,-0.17%
DIXON,06-03-2024 10:15,06-04-2024 10:15,sell,-0.08%
GAIL,06-03-2024 10:15,06-04-2024 10:15,buy,-0.15%
POWERGRID,06-03-2024 10:15,06-04-2024 10:15,sell,-0.58%
SBIN,06-03-2024 10:15,06-04-2024 10:15,sell,-0.26%
INDUSINDBK,06-03-2024 11:15,06-04-2024 10:15,sell,-0.33%
CANBK,06-03-2024 13:15,06-04-2024 10:15,buy,-0.61%
HINDUNILVR,06-04-2024 13:15,06-06-2024 10:15,sell,0.33%
BRITANNIA,06-05-2024 10:15,06-05-2024 12:15,sell,-0.29%
COLPAL,06-05-2024 10:15,06-06-2024 10:15,buy,-0.21%
DABUR,06-05-2024 10:15,06-05-2024 15:15,buy,-0.31%
GODREJCP,06-05-2024 10:15,06-06-2024 10:15,buy,-0.25%
HEROMOTOCO,06-05-2024 10:15,06-06-2024 10:15,buy,-0.15%
MARICO,06-05-2024 10:15,06-05-2024 15:15,sell,-0.17%
UNITDSPR,06-05-2024 10:15,06-07-2024 14:15,buy,0.20%
PIDILITIND,06-05-2024 11:15,06-06-2024 10:15,sell,-0.28%
OFSS,06-06-2024 14:15,06-10-2024 10:15,buy,0.05%
BSOFT,06-07-2024 10:15,06-10-2024 10:15,sell,-0.19%
COFORGE,06-07-2024 10:15,06-10-2024 10:15,buy,-0.38%
HCLTECH,06-07-2024 10:15,06-10-2024 10:15,buy,-0.15%
INFY,06-07-2024 10:15,06-10-2024 10:15,sell,-0.12%
LTIM,06-07-2024 10:15,06-10-2024 10:15,buy,-0.25%
PERSISTENT,06-07-2024 10:15,06-10-2024 10:15,buy,-0.40%
TECHM,06-07-2024 10:15,06-10-2024 10:15,sell,-0.19%
WIPRO,06-07-2024 10:15,06-10-2024 10:15,buy,-0.18%
BIOCON,06-07-2024 14:15,06-12-2024 11:15,buy,-0.06%
ABFRL,06-10-2024 10:15,06-10-2024 14:15,buy,-0.14%
MOTHERSON,06-10-2024 10:15,06-11-2024 15:15,buy,0.10%
RAMCOCEM,06-10-2024 10:15,06-11-2024 13:15,sell,-0.19%
SHREECEM,06-10-2024 10:15,6/13/2024 11:15,sell,0.08%
ULTRACEMCO,06-10-2024 10:15,6/13/2024 11:15,sell,0.16%
TATACOMM,06-10-2024 11:15,6/13/2024 10:15,sell,0.12%
M&MFIN,06-10-2024 12:15,06-10-2024 15:15,buy,-0.12%
ICICIGI,06-10-2024 13:15,06-11-2024 10:15,sell,-0.09%
SYNGENE,06-10-2024 13:15,06-11-2024 12:15,sell,-0.19%
AARTIIND,06-10-2024 14:15,06-11-2024 15:15,sell,-0.15%
TORNTPHARM,06-11-2024 11:15,06-11-2024 14:15,buy,-0.09%
LICHSGFIN,06-12-2024 10:15,6/14/2024 11:15,sell,0.24%
OFSS,06-12-2024 10:15,6/18/2024 14:15,buy,0.90%
TATAMOTORS,06-12-2024 10:15,06-12-2024 15:15,buy,-0.12%
FEDERALBNK,06-12-2024 13:15,6/13/2024 10:15,buy,-0.07%
PETRONET,06-12-2024 13:15,6/13/2024 14:15,buy,-0.01%
DEEPAKNTR,6/13/2024 10:15,6/14/2024 14:15,buy,0.12%
GODREJPROP,6/13/2024 10:15,6/14/2024 10:15,buy,-0.08%
IEX,6/13/2024 10:15,6/14/2024 12:15,sell,0.00%
LTF,6/13/2024 10:15,6/18/2024 10:15,sell,0.15%
MANAPPURAM,6/13/2024 10:15,6/14/2024 11:15,buy,-0.13%
BOSCHLTD,6/13/2024 11:15,6/14/2024 10:15,buy,-0.03%
HDFCLIFE,6/13/2024 11:15,6/13/2024 13:15,buy,-0.08%
DIXON,6/13/2024 13:15,6/19/2024 15:15,sell,0.53%
CHOLAFIN,6/13/2024 14:15,6/19/2024 15:15,buy,0.15%
SHRIRAMFIN,6/14/2024 10:15,6/20/2024 14:15,buy,0.26%
SIEMENS,6/14/2024 10:15,6/19/2024 12:15,buy,0.01%
ICICIGI,6/14/2024 11:15,6/14/2024 13:15,buy,-0.11%
MOTHERSON,6/14/2024 11:15,6/24/2024 10:15,buy,0.64%
ABB,6/14/2024 12:15,6/18/2024 10:15,buy,-0.25%
ICICIPRULI,6/14/2024 13:15,6/18/2024 10:15,buy,-0.18%
BHARATFORG,6/14/2024 14:15,6/18/2024 11:15,buy,-0.19%
BEL,6/18/2024 10:15,6/19/2024 10:15,sell,-0.27%
HAL,6/18/2024 10:15,6/19/2024 10:15,buy,-0.07%
TITAN,6/18/2024 10:15,6/19/2024 10:15,sell,-0.37%
M&MFIN,6/18/2024 11:15,6/18/2024 15:15,sell,-0.17%
IDFCFIRSTB,6/18/2024 14:15,6/21/2024 12:15,buy,0.28%
AARTIIND,6/18/2024 15:15,6/19/2024 10:15,buy,-0.13%
CHAMBLFERT,6/19/2024 10:15,6/21/2024 15:15,buy,1.31%
HDFCBANK,6/19/2024 10:15,6/21/2024 10:15,buy,0.13%
DEEPAKNTR,6/19/2024 12:15,6/21/2024 12:15,buy,0.20%
OFSS,6/19/2024 12:15,6/20/2024 11:15,buy,-0.15%
AXISBANK,6/19/2024 14:15,6/21/2024 10:15,sell,0.01%
AARTIIND,6/20/2024 12:15,6/21/2024 10:15,buy,-0.02%
INDHOTEL,6/20/2024 12:15,6/21/2024 15:15,buy,0.09%
VEDL,6/20/2024 12:15,6/21/2024 10:15,sell,-0.20%
BHARATFORG,6/20/2024 14:15,6/21/2024 13:15,sell,-0.14%
INFY,6/21/2024 10:15,6/21/2024 13:15,sell,-0.11%
PERSISTENT,6/21/2024 10:15,6/21/2024 15:15,sell,-0.17%
BANDHANBNK,6/21/2024 11:15,6/21/2024 13:15,buy,-0.16%
GRANULES,6/21/2024 11:15,6/24/2024 10:15,buy,-0.16%
APOLLOTYRE,6/21/2024 12:15,6/24/2024 10:15,buy,-0.25%
HAVELLS,6/21/2024 12:15,6/24/2024 13:15,buy,-0.05%
CUMMINSIND,6/24/2024 12:15,6/25/2024 11:15,sell,-0.07%
NAUKRI,6/24/2024 14:15,6/25/2024 10:15,sell,-0.11%
PAGEIND,6/24/2024 15:15,6/26/2024 13:15,buy,-0.11%
ASTRAL,6/25/2024 10:15,6/27/2024 11:15,sell,0.02%
EXIDEIND,6/25/2024 10:15,6/25/2024 15:15,sell,-0.24%
JUBLFOOD,6/25/2024 10:15,6/25/2024 11:15,sell,-0.20%
HDFCBANK,6/25/2024 13:15,6/26/2024 10:15,buy,-0.10%
ICICIBANK,6/25/2024 13:15,6/28/2024 10:15,buy,0.21%
SHRIRAMFIN,6/25/2024 13:15,6/27/2024 10:15,buy,0.23%
APOLLOTYRE,6/25/2024 15:15,6/27/2024 10:15,sell,-0.10%
AXISBANK,6/25/2024 15:15,6/28/2024 10:15,buy,0.09%
LICHSGFIN,6/25/2024 15:15,6/26/2024 13:15,sell,-0.05%
NAUKRI,6/26/2024 10:15,6/27/2024 11:15,sell,-0.07%
BHARTIARTL,6/26/2024 14:15,6/28/2024 11:15,buy,0.00%
IDEA,6/26/2024 14:15,6/28/2024 11:15,sell,0.14%
RELIANCE,6/26/2024 14:15,07-02-2024 10:15,buy,0.43%
GRASIM,6/27/2024 10:15,6/28/2024 10:15,sell,-0.07%
MANAPPURAM,6/27/2024 10:15,6/28/2024 15:15,sell,0.07%
ULTRACEMCO,6/27/2024 10:15,6/27/2024 14:15,sell,-0.14%
DRREDDY,6/27/2024 11:15,07-01-2024 13:15,sell,0.24%
MUTHOOTFIN,6/27/2024 11:15,6/27/2024 13:15,sell,-0.18%
WIPRO,6/27/2024 13:15,07-04-2024 11:15,buy,0.60%
LTIM,6/27/2024 14:15,6/28/2024 13:15,sell,0.02%
INDUSTOWER,6/28/2024 10:15,6/28/2024 12:15,sell,-0.21%
INFY,6/28/2024 10:15,6/28/2024 14:15,sell,-0.05%
NTPC,6/28/2024 10:15,6/28/2024 15:15,buy,-0.15%
IGL,6/28/2024 11:15,07-03-2024 10:15,sell,0.21%
MGL,6/28/2024 11:15,07-03-2024 10:15,buy,0.58%
TATAMOTORS,6/28/2024 12:15,07-01-2024 11:15,sell,-0.08%
PERSISTENT,6/28/2024 13:15,07-08-2024 10:15,sell,1.25%
DIXON,6/28/2024 14:15,07-04-2024 11:15,sell,0.43%
APOLLOTYRE,6/28/2024 15:15,07-02-2024 10:15,sell,0.02%
GODREJPROP,6/28/2024 15:15,07-01-2024 14:15,sell,-0.10%
MPHASIS,07-01-2024 11:15,07-01-2024 15:15,sell,-0.12%
LTIM,07-01-2024 13:15,07-01-2024 14:15,buy,-0.13%
AMBUJACEM,07-01-2024 14:15,07-02-2024 12:15,buy,-0.09%
ULTRACEMCO,07-01-2024 14:15,07-02-2024 12:15,buy,-0.08%
GRASIM,07-01-2024 15:15,07-04-2024 10:15,sell,0.03%
ACC,07-02-2024 10:15,07-02-2024 12:15,sell,-0.24%
DEEPAKNTR,07-02-2024 10:15,07-03-2024 11:15,buy,-0.18%
GODREJPROP,07-02-2024 12:15,07-04-2024 13:15,sell,0.02%
INFY,07-02-2024 12:15,07-05-2024 14:15,buy,0.13%
TECHM,07-02-2024 12:15,07-02-2024 15:15,sell,-0.12%
HDFCBANK,07-03-2024 10:15,07-04-2024 10:15,buy,-0.23%
PFC,07-03-2024 10:15,07-05-2024 15:15,buy,0.16%
TATACONSUM,07-03-2024 11:15,07-04-2024 15:15,buy,0.02%
DRREDDY,07-03-2024 12:15,07-03-2024 14:15,buy,-0.13%
COFORGE,07-04-2024 10:15,07-08-2024 11:15,buy,0.01%
HAL,07-04-2024 10:15,07-05-2024 12:15,buy,0.11%
RECLTD,07-04-2024 10:15,07-12-2024 15:15,sell,1.05%
HCLTECH,07-04-2024 11:15,07-05-2024 10:15,sell,0.00%
LUPIN,07-04-2024 11:15,07-12-2024 10:15,sell,0.63%
LAURUSLABS,07-04-2024 13:15,07-08-2024 12:15,buy,0.28%
ZYDUSLIFE,07-04-2024 15:15,07-08-2024 15:15,buy,0.17%
BEL,07-05-2024 10:15,07-09-2024 12:15,buy,0.20%
AUROPHARMA,07-05-2024 12:15,07-10-2024 11:15,buy,0.09%
GLENMARK,07-05-2024 14:15,07-09-2024 11:15,sell,-0.01%
ONGC,07-05-2024 15:15,07-10-2024 10:15,buy,0.20%
MARICO,07-08-2024 10:15,07-09-2024 10:15,sell,-0.19%
DABUR,07-08-2024 11:15,07-08-2024 14:15,sell,-0.09%
ITC,07-08-2024 12:15,07-12-2024 13:15,sell,0.37%
NATIONALUM,07-08-2024 14:15,07-09-2024 11:15,buy,-0.05%
GAIL,07-08-2024 15:15,07-10-2024 10:15,buy,-0.23%
ALKEM,07-09-2024 10:15,07-10-2024 10:15,buy,-0.12%
HDFCLIFE,07-09-2024 11:15,07-12-2024 10:15,buy,0.09%
MARUTI,07-09-2024 11:15,07-10-2024 14:15,buy,0.13%
HINDUNILVR,07-09-2024 12:15,07-10-2024 11:15,sell,-0.08%
BRITANNIA,07-10-2024 10:15,07-12-2024 10:15,buy,-0.03%
EICHERMOT,07-10-2024 10:15,07-10-2024 11:15,sell,-0.21%
COLPAL,07-10-2024 13:15,07-11-2024 10:15,buy,-0.19%
SBILIFE,07-10-2024 13:15,07-12-2024 10:15,buy,-0.03%
ASIANPAINT,07-10-2024 14:15,07-12-2024 10:15,sell,-0.03%
HINDPETRO,07-11-2024 11:15,07-12-2024 12:15,sell,-0.03%
FEDERALBNK,07-12-2024 10:15,7/15/2024 11:15,sell,-0.03%
MPHASIS,07-12-2024 10:15,7/18/2024 12:15,buy,0.47%
AXISBANK,07-12-2024 11:15,07-12-2024 14:15,buy,-0.08%
INFY,07-12-2024 11:15,7/16/2024 15:15,sell,0.13%
LTIM,07-12-2024 11:15,7/15/2024 10:15,sell,-0.15%
MUTHOOTFIN,07-12-2024 11:15,07-12-2024 12:15,buy,-0.08%
ONGC,07-12-2024 11:15,7/19/2024 10:15,buy,0.42%
TCS,07-12-2024 12:15,7/16/2024 13:15,buy,0.06%
WIPRO,07-12-2024 12:15,7/15/2024 14:15,sell,-0.05%
MANAPPURAM,07-12-2024 13:15,7/15/2024 13:15,sell,0.03%
DALBHARAT,07-12-2024 14:15,7/15/2024 15:15,buy,-0.05%
BRITANNIA,7/15/2024 10:15,7/15/2024 14:15,buy,-0.08%
HCLTECH,7/15/2024 10:15,7/15/2024 12:15,sell,-0.13%
AUROPHARMA,7/15/2024 11:15,7/16/2024 13:15,buy,-0.07%
DRREDDY,7/15/2024 12:15,7/16/2024 10:15,buy,-0.09%
SBILIFE,7/15/2024 13:15,7/19/2024 14:15,sell,0.23%
SBIN,7/15/2024 14:15,7/19/2024 10:15,sell,0.04%
ITC,7/16/2024 10:15,7/19/2024 14:15,buy,0.12%
PEL,7/16/2024 10:15,7/18/2024 11:15,buy,-0.09%
HINDUNILVR,7/16/2024 11:15,7/22/2024 11:15,sell,0.21%
COLPAL,7/16/2024 13:15,7/18/2024 13:15,buy,-0.13%
MARICO,7/16/2024 13:15,7/19/2024 10:15,buy,0.04%
APOLLOHOSP,7/18/2024 10:15,7/18/2024 11:15,buy,-0.06%
BAJAJFINSV,7/18/2024 11:15,7/22/2024 11:15,buy,0.11%
TCS,7/18/2024 11:15,7/22/2024 13:15,sell,0.03%
INFY,7/18/2024 14:15,7/23/2024 13:15,buy,0.24%
WIPRO,7/18/2024 14:15,7/19/2024 10:15,buy,-0.11%
LTIM,7/19/2024 13:15,7/19/2024 15:15,buy,-0.13%
INDHOTEL,7/22/2024 13:15,7/23/2024 13:15,buy,-0.21%
TATACONSUM,7/23/2024 11:15,7/24/2024 10:15,sell,-0.03%
HINDUNILVR,7/23/2024 12:15,7/23/2024 15:15,buy,-0.09%
TITAN,7/23/2024 12:15,7/25/2024 10:15,sell,0.08%
INDUSTOWER,7/23/2024 14:15,7/24/2024 10:15,sell,-0.32%
COFORGE,7/24/2024 10:15,7/25/2024 10:15,sell,-0.04%
ITC,7/24/2024 10:15,7/25/2024 11:15,sell,-0.33%
UNITDSPR,7/24/2024 10:15,7/26/2024 10:15,buy,0.20%
ICICIPRULI,7/24/2024 13:15,7/29/2024 11:15,sell,0.40%
MFSL,7/24/2024 13:15,7/26/2024 15:15,buy,0.16%
HDFCLIFE,7/24/2024 15:15,7/29/2024 10:15,buy,0.36%
MRF,7/24/2024 15:15,7/26/2024 10:15,buy,-0.01%
TATAMOTORS,7/25/2024 10:15,08-01-2024 11:15,sell,0.79%
BIOCON,7/25/2024 11:15,7/29/2024 10:15,buy,0.11%
SUNPHARMA,7/25/2024 14:15,7/29/2024 11:15,sell,0.24%
IOC,7/25/2024 15:15,7/26/2024 12:15,sell,-0.08%
PETRONET,7/25/2024 15:15,7/29/2024 11:15,buy,0.14%
ASHOKLEY,7/26/2024 10:15,7/30/2024 10:15,sell,0.26%
GRANULES,7/26/2024 10:15,7/30/2024 10:15,buy,-0.02%
SBILIFE,7/26/2024 12:15,7/29/2024 10:15,sell,-0.16%
APOLLOHOSP,7/26/2024 15:15,7/30/2024 10:15,buy,-0.04%
BANDHANBNK,7/29/2024 10:15,08-01-2024 10:15,sell,0.24%
DIVISLAB,7/29/2024 10:15,7/31/2024 10:15,sell,0.08%
PNB,7/29/2024 10:15,7/30/2024 11:15,sell,-0.09%
BHARATFORG,7/29/2024 11:15,7/30/2024 10:15,buy,-0.09%
PEL,7/29/2024 11:15,7/29/2024 14:15,buy,-0.13%
PIIND,7/29/2024 11:15,08-01-2024 10:15,buy,0.11%
SRF,7/29/2024 14:15,08-02-2024 10:15,buy,0.25%
BPCL,7/30/2024 10:15,7/31/2024 12:15,buy,-0.20%
COLPAL,7/30/2024 10:15,08-01-2024 10:15,sell,-0.10%
HINDPETRO,7/30/2024 10:15,7/30/2024 15:15,sell,-0.05%
IOC,7/30/2024 10:15,7/30/2024 15:15,sell,-0.23%
TRENT,7/30/2024 11:15,08-01-2024 13:15,sell,0.19%
GRANULES,7/30/2024 15:15,08-05-2024 11:15,buy,0.78%
TATACHEM,7/30/2024 15:15,08-01-2024 11:15,buy,0.04%
DIXON,7/31/2024 10:15,7/31/2024 14:15,buy,-0.20%
POLYCAB,7/31/2024 12:15,08-01-2024 15:15,sell,-0.11%
AARTIIND,7/31/2024 14:15,08-01-2024 12:15,buy,-0.11%
ASIANPAINT,08-01-2024 10:15,08-05-2024 11:15,sell,-0.04%
DEEPAKNTR,08-01-2024 10:15,08-01-2024 11:15,buy,-0.18%
MARUTI,08-01-2024 10:15,08-01-2024 12:15,buy,-0.24%
LUPIN,08-01-2024 11:15,08-05-2024 10:15,buy,-0.04%
MUTHOOTFIN,08-01-2024 11:15,08-05-2024 10:15,buy,-0.16%
NTPC,08-01-2024 11:15,08-02-2024 10:15,sell,-0.14%
TATAPOWER,08-01-2024 12:15,08-02-2024 15:15,sell,0.03%
IEX,08-02-2024 11:15,08-05-2024 11:15,sell,-0.32%
CIPLA,08-08-2024 10:15,08-08-2024 13:15,sell,-0.10%
SYNGENE,08-08-2024 10:15,08-08-2024 13:15,sell,-0.36%
ALKEM,08-08-2024 11:15,08-09-2024 13:15,sell,-0.13%
LUPIN,08-09-2024 10:15,8/13/2024 12:15,sell,0.07%
TRENT,08-09-2024 13:15,8/20/2024 10:15,buy,0.76%
JUBLFOOD,08-12-2024 11:15,8/14/2024 11:15,sell,0.04%
FEDERALBNK,8/13/2024 11:15,8/13/2024 13:15,buy,-0.11%
AUROPHARMA,8/13/2024 12:15,8/13/2024 15:15,sell,-0.11%
TCS,8/16/2024 10:15,8/22/2024 10:15,buy,0.31%
HAVELLS,8/16/2024 11:15,8/19/2024 14:15,sell,-0.03%
INFY,8/16/2024 12:15,8/21/2024 12:15,sell,0.09%
MCX,8/16/2024 12:15,8/20/2024 14:15,buy,0.44%
MPHASIS,8/16/2024 12:15,8/22/2024 15:15,sell,0.65%
WIPRO,8/16/2024 12:15,8/21/2024 13:15,sell,0.21%
DLF,8/16/2024 14:15,8/19/2024 10:15,sell,-0.08%
HCLTECH,8/16/2024 14:15,8/20/2024 12:15,sell,0.05%
TECHM,8/16/2024 15:15,8/21/2024 12:15,buy,0.18%
GLENMARK,8/19/2024 10:15,8/22/2024 10:15,sell,0.32%
DIXON,8/19/2024 14:15,8/20/2024 15:15,sell,-0.09%
BPCL,8/20/2024 10:15,8/21/2024 12:15,buy,-0.04%
SHRIRAMFIN,8/20/2024 12:15,8/21/2024 14:15,sell,-0.04%
BAJAJFINSV,8/20/2024 14:15,09-03-2024 14:15,buy,1.28%
HINDALCO,8/20/2024 15:15,8/22/2024 13:15,sell,0.08%
ASIANPAINT,8/21/2024 12:15,8/23/2024 11:15,buy,0.02%
CROMPTON,8/21/2024 12:15,8/22/2024 11:15,buy,0.00%
TITAN,8/21/2024 12:15,8/23/2024 10:15,buy,0.00%
VEDL,8/21/2024 13:15,8/23/2024 12:15,buy,0.01%
SBILIFE,8/21/2024 14:15,8/23/2024 10:15,buy,-0.07%
M&MFIN,8/22/2024 10:15,8/22/2024 11:15,buy,-0.16%
RBLBANK,8/22/2024 10:15,8/23/2024 10:15,sell,-0.32%
GRASIM,8/22/2024 11:15,8/23/2024 10:15,buy,-0.13%
IDFCFIRSTB,8/22/2024 11:15,8/23/2024 14:15,sell,-0.08%
DABUR,8/22/2024 13:15,8/23/2024 13:15,sell,-0.05%
TRENT,8/22/2024 15:15,8/23/2024 15:15,sell,-0.09%
INDIGO,8/23/2024 10:15,8/27/2024 10:15,sell,0.26%
TVSMOTOR,8/23/2024 10:15,8/26/2024 13:15,sell,-0.14%
BAJAJ-AUTO,8/23/2024 11:15,09-04-2024 10:15,sell,0.72%
DIXON,8/23/2024 11:15,8/27/2024 10:15,buy,0.12%
ESCORTS,8/23/2024 14:15,8/26/2024 11:15,sell,-0.04%
ICICIBANK,8/26/2024 10:15,8/28/2024 10:15,sell,0.06%
INDHOTEL,8/26/2024 10:15,8/28/2024 11:15,buy,0.11%
MOTHERSON,8/26/2024 10:15,8/28/2024 10:15,sell,-0.01%
VOLTAS,8/26/2024 12:15,8/27/2024 11:15,sell,0.02%
HINDALCO,8/26/2024 14:15,8/27/2024 13:15,sell,-0.07%
JSWSTEEL,8/26/2024 14:15,8/27/2024 10:15,buy,0.00%
ALKEM,8/27/2024 10:15,8/27/2024 12:15,sell,-0.12%
LT,8/27/2024 10:15,8/28/2024 10:15,buy,-0.01%
NATIONALUM,8/27/2024 10:15,8/28/2024 11:15,buy,-0.17%
SBICARD,8/27/2024 11:15,8/28/2024 13:15,sell,0.03%
ICICIGI,8/27/2024 12:15,8/28/2024 13:15,sell,0.06%
SBILIFE,8/27/2024 13:15,8/29/2024 15:15,sell,0.04%
CHOLAFIN,8/28/2024 10:15,8/29/2024 14:15,buy,-0.03%
LTIM,8/28/2024 10:15,8/30/2024 10:15,buy,0.20%
RECLTD,8/28/2024 10:15,8/29/2024 12:15,sell,0.05%
INDIGO,8/28/2024 11:15,8/29/2024 10:15,sell,-0.29%
INFY,8/28/2024 11:15,8/29/2024 14:15,sell,-0.02%
BHARTIARTL,8/28/2024 13:15,09-02-2024 10:15,buy,0.17%
LUPIN,8/28/2024 13:15,8/29/2024 10:15,buy,-0.08%
BAJFINANCE,8/29/2024 10:15,09-03-2024 11:15,buy,0.37%
BSOFT,8/29/2024 10:15,8/30/2024 11:15,sell,-0.12%
AUBANK,8/29/2024 12:15,8/29/2024 13:15,buy,-0.11%
NAUKRI,8/29/2024 14:15,8/30/2024 13:15,buy,-0.02%
PFC,8/29/2024 15:15,8/30/2024 15:15,sell,-0.09%
ALKEM,8/30/2024 10:15,09-02-2024 13:15,buy,-0.01%
DALBHARAT,8/30/2024 10:15,09-03-2024 13:15,buy,0.15%
IGL,8/30/2024 10:15,8/30/2024 11:15,buy,-0.12%
MCX,8/30/2024 11:15,09-03-2024 12:15,sell,-0.07%
TORNTPHARM,8/30/2024 11:15,8/30/2024 14:15,buy,-0.14%
AUBANK,8/30/2024 13:15,09-03-2024 10:15,sell,0.02%
SHREECEM,8/30/2024 14:15,09-02-2024 14:15,buy,-0.02%
INDUSTOWER,8/30/2024 15:15,09-02-2024 10:15,buy,-0.30%
PIDILITIND,09-02-2024 10:15,09-03-2024 15:15,buy,0.00%
HCLTECH,09-02-2024 11:15,09-03-2024 15:15,sell,-0.02%
INDUSINDBK,09-02-2024 14:15,09-03-2024 14:15,buy,-0.02%
SBICARD,09-03-2024 10:15,09-03-2024 14:15,buy,0.01%
HEROMOTOCO,09-03-2024 11:15,09-04-2024 11:15,sell,-0.03%
SBILIFE,09-03-2024 15:15,09-04-2024 13:15,sell,-0.10%
MCX,09-04-2024 10:15,09-06-2024 10:15,sell,0.01%
HAL,09-04-2024 11:15,09-04-2024 14:15,sell,-0.15%
PIDILITIND,09-04-2024 12:15,09-05-2024 10:15,buy,-0.10%
BERGEPAINT,09-04-2024 13:15,09-05-2024 13:15,buy,0.04%
BIOCON,09-04-2024 15:15,09-05-2024 15:15,buy,0.08%
ACC,09-05-2024 10:15,09-06-2024 10:15,buy,-0.11%
ICICIGI,09-05-2024 10:15,09-05-2024 15:15,sell,-0.07%
LAURUSLABS,09-05-2024 10:15,09-05-2024 15:15,buy,-0.08%
SYNGENE,09-05-2024 10:15,09-05-2024 15:15,sell,-0.09%
ULTRACEMCO,09-05-2024 10:15,09-05-2024 13:15,buy,-0.09%
HINDPETRO,09-05-2024 11:15,09-06-2024 10:15,buy,-0.31%
TITAN,09-05-2024 11:15,09-06-2024 10:15,sell,-0.08%
BOSCHLTD,09-05-2024 13:15,09-06-2024 10:15,buy,-0.20%
UPL,09-05-2024 13:15,09-06-2024 10:15,sell,-0.13%
COFORGE,09-06-2024 10:15,09-09-2024 11:15,sell,-0.08%
SBICARD,09-06-2024 10:15,09-09-2024 14:15,buy,0.03%
ASIANPAINT,09-06-2024 14:15,09-09-2024 12:15,buy,-0.06%
HINDUNILVR,09-09-2024 13:15,09-10-2024 10:15,buy,-0.08%
DIVISLAB,09-10-2024 10:15,9/13/2024 10:15,sell,0.18%
INDHOTEL,09-10-2024 10:15,09-11-2024 14:15,sell,-0.01%
LAURUSLABS,09-10-2024 10:15,09-11-2024 14:15,sell,-0.16%
BALKRISIND,09-10-2024 11:15,9/16/2024 10:15,buy,0.16%
LTIM,09-10-2024 13:15,09-11-2024 10:15,buy,-0.10%
TATAPOWER,09-10-2024 13:15,09-11-2024 13:15,sell,-0.17%
ASIANPAINT,09-11-2024 10:15,9/13/2024 10:15,sell,-0.07%
BAJAJ-AUTO,09-11-2024 10:15,9/16/2024 12:15,buy,0.28%
AUBANK,09-11-2024 11:15,09-12-2024 11:15,buy,-0.04%
GODREJCP,09-11-2024 11:15,09-11-2024 13:15,buy,-0.11%
HAVELLS,09-12-2024 10:15,9/13/2024 12:15,buy,-0.01%
INDIGO,09-12-2024 11:15,9/13/2024 12:15,sell,-0.04%
BRITANNIA,09-12-2024 14:15,9/13/2024 10:15,buy,-0.04%
BHARTIARTL,09-12-2024 15:15,9/13/2024 14:15,sell,-0.10%
EICHERMOT,09-12-2024 15:15,9/13/2024 10:15,sell,-0.08%
JINDALSTEL,9/13/2024 10:15,9/18/2024 11:15,sell,0.15%
MUTHOOTFIN,9/13/2024 10:15,9/13/2024 12:15,sell,-0.14%
SHRIRAMFIN,9/13/2024 10:15,9/13/2024 14:15,buy,-0.11%
INDUSINDBK,9/13/2024 11:15,9/17/2024 10:15,sell,0.02%
WIPRO,9/13/2024 11:15,9/17/2024 14:15,sell,0.05%
AXISBANK,9/13/2024 12:15,9/19/2024 12:15,buy,0.26%
PEL,9/13/2024 12:15,9/16/2024 10:15,buy,-0.16%
BAJFINANCE,9/13/2024 13:15,9/16/2024 10:15,sell,-0.35%
OFSS,9/13/2024 14:15,9/17/2024 15:15,buy,0.08%
VOLTAS,9/13/2024 14:15,9/17/2024 10:15,sell,-0.05%
DIXON,9/16/2024 10:15,9/19/2024 10:15,buy,0.36%
MCX,9/16/2024 13:15,9/19/2024 10:15,sell,0.37%
VEDL,9/16/2024 13:15,9/16/2024 14:15,buy,-0.31%
NATIONALUM,9/16/2024 14:15,9/17/2024 12:15,buy,-0.10%
IGL,9/17/2024 10:15,9/18/2024 11:15,buy,-0.17%
HEROMOTOCO,9/17/2024 12:15,9/18/2024 13:15,buy,0.04%
BAJAJ-AUTO,9/17/2024 14:15,9/18/2024 13:15,buy,-0.05%
LT,9/18/2024 10:15,9/19/2024 10:15,buy,0.01%
HDFCBANK,9/18/2024 11:15,9/26/2024 10:15,buy,0.45%
ICICIBANK,9/18/2024 11:15,9/23/2024 10:15,buy,0.35%
M&M,9/18/2024 11:15,9/18/2024 14:15,sell,-0.10%
MOTHERSON,9/18/2024 11:15,9/20/2024 10:15,sell,-0.07%
SHRIRAMFIN,9/18/2024 13:15,9/19/2024 12:15,buy,-0.06%
NTPC,9/19/2024 10:15,9/19/2024 14:15,buy,-0.09%
ICICIGI,9/19/2024 11:15,9/19/2024 13:15,buy,-0.15%
INDUSINDBK,9/19/2024 11:15,9/19/2024 12:15,buy,-0.08%
NESTLEIND,9/19/2024 11:15,9/19/2024 15:15,buy,-0.14%
AUBANK,9/19/2024 13:15,9/20/2024 11:15,buy,-0.02%
JUBLFOOD,9/20/2024 10:15,9/23/2024 12:15,sell,0.08%
KOTAKBANK,9/20/2024 10:15,9/24/2024 11:15,buy,0.15%
MARUTI,9/20/2024 11:15,9/23/2024 14:15,sell,0.00%
ESCORTS,9/20/2024 12:15,9/26/2024 11:15,sell,0.55%
ICICIGI,9/20/2024 12:15,9/24/2024 11:15,sell,-0.06%
M&M,9/20/2024 13:15,9/26/2024 10:15,buy,0.44%
BOSCHLTD,9/20/2024 15:15,9/30/2024 15:15,sell,0.53%
GODREJPROP,9/23/2024 10:15,9/26/2024 12:15,sell,0.68%
HAVELLS,9/23/2024 10:15,9/24/2024 10:15,buy,-0.02%
DLF,9/23/2024 12:15,9/25/2024 10:15,buy,0.11%
LTF,9/23/2024 14:15,9/24/2024 15:15,buy,-0.06%
BAJAJ-AUTO,9/24/2024 10:15,9/25/2024 13:15,buy,-0.05%
ASTRAL,9/24/2024 11:15,9/25/2024 11:15,sell,-0.03%
TATASTEEL,9/24/2024 11:15,10-01-2024 10:15,buy,0.46%
ADANIENT,9/24/2024 15:15,9/26/2024 13:15,sell,0.04%
POWERGRID,9/25/2024 10:15,9/26/2024 10:15,buy,-0.15%
APOLLOTYRE,9/25/2024 11:15,9/26/2024 10:15,sell,-0.09%
LTF,9/25/2024 14:15,9/26/2024 10:15,sell,-0.25%
MARUTI,9/26/2024 10:15,9/30/2024 13:15,buy,0.10%
TATACOMM,9/26/2024 10:15,9/27/2024 11:15,sell,-0.01%
TRENT,9/26/2024 10:15,9/27/2024 10:15,sell,-0.01%
BAJAJFINSV,9/26/2024 11:15,9/30/2024 12:15,buy,0.14%
BAJAJ-AUTO,9/26/2024 12:15,9/27/2024 10:15,buy,0.00%
GAIL,9/26/2024 12:15,9/30/2024 10:15,buy,0.25%
VEDL,9/26/2024 12:15,10-03-2024 12:15,sell,0.36%
SAIL,9/26/2024 13:15,9/27/2024 12:15,buy,0.14%
HINDALCO,9/27/2024 10:15,9/27/2024 13:15,buy,-0.11%
NATIONALUM,9/27/2024 10:15,9/27/2024 13:15,buy,-0.25%
POLYCAB,9/27/2024 11:15,9/30/2024 11:15,sell,-0.13%
SUNPHARMA,9/27/2024 12:15,9/30/2024 11:15,sell,-0.06%
BPCL,9/27/2024 13:15,10-03-2024 10:15,sell,-0.37%
IOC,9/27/2024 13:15,10-01-2024 11:15,buy,0.08%
NMDC,9/30/2024 10:15,10-01-2024 11:15,buy,-0.19%
ADANIENT,9/30/2024 11:15,9/30/2024 13:15,buy,-0.13%
AMBUJACEM,9/30/2024 11:15,9/30/2024 15:15,buy,-0.09%
GAIL,9/30/2024 12:15,10-01-2024 15:15,buy,-0.04%
EXIDEIND,9/30/2024 13:15,10-03-2024 11:15,sell,0.02%
NATIONALUM,9/30/2024 13:15,10-03-2024 12:15,sell,0.30%
CHAMBLFERT,10-01-2024 10:15,10-03-2024 12:15,buy,-0.14%
TATACHEM,10-01-2024 12:15,10-03-2024 12:15,buy,-0.08%
FEDERALBNK,10-01-2024 13:15,10-01-2024 15:15,sell,-0.13%
POLYCAB,10-01-2024 13:15,10-04-2024 13:15,sell,-0.04%
BRITANNIA,10-01-2024 14:15,10-03-2024 11:15,buy,-0.08%
GRANULES,10-03-2024 10:15,10-04-2024 10:15,buy,-0.15%
JSWSTEEL,10-03-2024 10:15,10-03-2024 15:15,sell,-0.11%
PETRONET,10-03-2024 10:15,10-04-2024 14:15,sell,0.20%
TRENT,10-08-2024 14:15,10-10-2024 12:15,buy,0.00%
DIVISLAB,10-09-2024 10:15,10/15/2024 13:15,buy,0.54%
SIEMENS,10-09-2024 11:15,10-11-2024 10:15,sell,-0.14%
GLENMARK,10-09-2024 12:15,10-10-2024 13:15,sell,-0.05%
PAGEIND,10-09-2024 13:15,10/17/2024 10:15,sell,0.59%
DIXON,10-10-2024 10:15,10/17/2024 10:15,sell,0.07%
MCX,10-10-2024 10:15,10/16/2024 13:15,buy,0.40%
OBEROIRLTY,10/14/2024 10:15,10/17/2024 10:15,buy,-0.06%
LAURUSLABS,10/14/2024 14:15,10/15/2024 12:15,buy,-0.09%
PERSISTENT,10/14/2024 14:15,10/16/2024 12:15,sell,-0.11%
HDFCAMC,10/15/2024 13:15,10/17/2024 11:15,sell,0.33%
DEEPAKNTR,10/16/2024 10:15,10/16/2024 12:15,sell,-0.09%
HCLTECH,10/16/2024 10:15,10/16/2024 12:15,buy,-0.10%
HINDPETRO,10/16/2024 10:15,10/17/2024 11:15,buy,-0.05%
VOLTAS,10/16/2024 10:15,10/17/2024 10:15,sell,-0.19%
GODREJPROP,10/16/2024 13:15,10/17/2024 10:15,buy,-0.21%
HAL,10/16/2024 13:15,10/17/2024 10:15,buy,-0.29%
MFSL,10/23/2024 13:15,10/25/2024 12:15,sell,-0.10%
COFORGE,10/24/2024 13:15,10/25/2024 10:15,buy,-0.15%
ICICIBANK,10/29/2024 14:15,10/30/2024 10:15,buy,-0.16%
EICHERMOT,10/29/2024 15:15,10/30/2024 15:15,buy,-0.08%
SBIN,10/29/2024 15:15,10/30/2024 14:15,buy,-0.11%
BEL,10/30/2024 10:15,10/30/2024 14:15,sell,-0.21%
LICHSGFIN,10/30/2024 10:15,10/30/2024 14:15,sell,-0.31%
WIPRO,10/30/2024 10:15,10/30/2024 14:15,sell,-0.05%
LT,10/31/2024 10:15,11-04-2024 10:15,buy,-0.13%
CIPLA,11-05-2024 10:15,11-06-2024 12:15,buy,-0.07%
DIXON,11-06-2024 10:15,11-08-2024 11:15,buy,-0.08%
SBIN,11-06-2024 11:15,11-07-2024 10:15,buy,-0.12%
NMDC,11-06-2024 12:15,11-07-2024 12:15,sell,0.06%
POLYCAB,11-06-2024 12:15,11-07-2024 15:15,buy,-0.06%
NATIONALUM,11-06-2024 13:15,11-07-2024 11:15,buy,-0.17%
ADANIENT,11-06-2024 14:15,11-07-2024 10:15,sell,-0.27%
DEEPAKNTR,11-06-2024 14:15,11-08-2024 10:15,buy,-0.12%
APOLLOHOSP,11-07-2024 10:15,11-11-2024 10:15,buy,-0.07%
CHAMBLFERT,11-07-2024 10:15,11-07-2024 15:15,buy,-0.05%
SAIL,11-07-2024 10:15,11-07-2024 12:15,buy,-0.23%
SRF,11-07-2024 10:15,11-08-2024 12:15,buy,-0.11%
PIIND,11-07-2024 14:15,11-08-2024 10:15,buy,-0.07%
SYNGENE,11-07-2024 15:15,11-08-2024 11:15,buy,-0.09%
INDHOTEL,11-08-2024 10:15,11/13/2024 10:15,sell,0.05%
PAGEIND,11-08-2024 10:15,11-12-2024 13:15,sell,0.08%
ASHOKLEY,11-11-2024 10:15,11-11-2024 14:15,sell,-0.19%
POWERGRID,11-11-2024 11:15,11-12-2024 13:15,buy,-0.07%
BIOCON,11-11-2024 13:15,11/13/2024 10:15,buy,-0.24%
INFY,11-12-2024 10:15,11/13/2024 10:15,buy,-0.07%
RAMCOCEM,11-12-2024 10:15,11-12-2024 12:15,sell,-0.20%
JUBLFOOD,11-12-2024 11:15,11-12-2024 15:15,buy,-0.23%
MUTHOOTFIN,11/18/2024 13:15,11/19/2024 12:15,buy,-0.11%
INDHOTEL,11/21/2024 12:15,11/26/2024 10:15,sell,0.01%
POWERGRID,11/22/2024 10:15,11/26/2024 14:15,sell,0.27%
ULTRACEMCO,11/22/2024 10:15,11/26/2024 10:15,sell,0.07%
COFORGE,11/25/2024 10:15,11/28/2024 10:15,buy,0.16%
GODREJPROP,11/25/2024 10:15,11/26/2024 13:15,buy,-0.22%
HAVELLS,11/25/2024 10:15,11/25/2024 13:15,sell,-0.12%
INDIGO,11/25/2024 10:15,12-03-2024 11:15,buy,0.42%
LT,11/25/2024 10:15,11/26/2024 11:15,sell,-0.04%
RAMCOCEM,11/25/2024 10:15,11/26/2024 10:15,buy,-0.07%
SHREECEM,11/25/2024 10:15,11/26/2024 10:15,sell,-0.12%
NAUKRI,11/25/2024 13:15,11/25/2024 15:15,buy,-0.13%
KOTAKBANK,11/25/2024 15:15,11/26/2024 11:15,buy,-0.10%
ABB,11/26/2024 10:15,11/28/2024 10:15,sell,0.20%
IDEA,11/26/2024 10:15,11/26/2024 12:15,sell,-0.50%
INDUSTOWER,11/26/2024 10:15,11/26/2024 12:15,buy,-0.15%
MPHASIS,11/26/2024 10:15,11/27/2024 15:15,buy,0.04%
COLPAL,11/26/2024 11:15,11/29/2024 10:15,buy,-0.03%
LAURUSLABS,11/26/2024 11:15,11/28/2024 11:15,buy,0.13%
APOLLOTYRE,11/26/2024 12:15,11/27/2024 10:15,buy,-0.10%
MARICO,11/26/2024 12:15,11/28/2024 15:15,sell,0.31%
SYNGENE,11/26/2024 13:15,11/28/2024 10:15,sell,0.02%
PEL,11/26/2024 14:15,11/28/2024 14:15,buy,0.02%
POLYCAB,11/27/2024 10:15,12-03-2024 12:15,buy,0.46%
BIOCON,11/27/2024 15:15,12-03-2024 15:15,sell,0.44%
CHAMBLFERT,11/28/2024 10:15,12-06-2024 12:15,buy,0.81%
HDFCBANK,11/28/2024 10:15,11/28/2024 11:15,sell,-0.14%
IEX,11/28/2024 10:15,11/29/2024 13:15,sell,-0.05%
HAL,11/28/2024 11:15,11/29/2024 11:15,buy,-0.07%
EXIDEIND,11/28/2024 12:15,11/29/2024 10:15,sell,-0.10%
LAURUSLABS,11/29/2024 10:15,12-03-2024 10:15,sell,0.14%
SYNGENE,11/29/2024 11:15,12-03-2024 10:15,buy,0.01%
RAMCOCEM,11/29/2024 14:15,12-03-2024 13:15,buy,0.23%
ADANIGREEN,12-02-2024 10:15,12-03-2024 10:15,buy,-0.22%
DIXON,12-02-2024 10:15,12-05-2024 13:15,sell,0.30%
LICI,12-02-2024 10:15,12-03-2024 10:15,sell,-0.11%
M&MFIN,12-03-2024 10:15,12-04-2024 11:15,buy,-0.03%
MAXHEALTH,12-03-2024 10:15,12-03-2024 14:15,buy,-0.11%
TATAELXSI,12-03-2024 10:15,12-04-2024 14:15,sell,0.04%
TVSMOTOR,12-03-2024 10:15,12-03-2024 13:15,buy,-0.11%
IGL,12-03-2024 11:15,12-09-2024 10:15,sell,0.63%
MGL,12-03-2024 12:15,12-04-2024 11:15,sell,-0.10%
AMBUJACEM,12-03-2024 13:15,12-06-2024 11:15,buy,0.05%
GRANULES,12-03-2024 13:15,12-03-2024 14:15,buy,-0.18%
MANAPPURAM,12-03-2024 14:15,12-05-2024 10:15,buy,0.01%
SAIL,12-03-2024 14:15,12-04-2024 13:15,buy,-0.07%
ANGELONE,12-03-2024 15:15,12-04-2024 14:15,buy,-0.14%
BALKRISIND,12-04-2024 11:15,12-05-2024 10:15,buy,-0.10%
JIOFIN,12-04-2024 11:15,12-05-2024 10:15,buy,-0.05%
CANBK,12-04-2024 13:15,12-05-2024 10:15,sell,-0.05%
APOLLOTYRE,12-04-2024 14:15,12-10-2024 10:15,buy,0.17%
BANKBARODA,12-04-2024 14:15,12-05-2024 11:15,sell,-0.10%
CDSL,12-05-2024 10:15,12-10-2024 10:15,sell,0.47%
GAIL,12-05-2024 10:15,12-06-2024 15:15,sell,0.13%
MAXHEALTH,12-05-2024 10:15,12-06-2024 10:15,buy,0.02%
MRF,12-05-2024 10:15,12-06-2024 14:15,buy,0.11%
BSE,12-05-2024 11:15,12/13/2024 10:15,sell,1.06%
TITAN,12-05-2024 13:15,12-09-2024 12:15,sell,0.09%
BOSCHLTD,12-06-2024 10:15,12-06-2024 13:15,buy,-0.04%
IRFC,12-06-2024 11:15,12-06-2024 12:15,buy,-0.15%
MCX,12-06-2024 12:15,12-09-2024 13:15,buy,-0.14%
POLICYBZR,12-06-2024 12:15,12-10-2024 10:15,sell,-0.23%
VEDL,12-06-2024 13:15,12-09-2024 10:15,sell,-0.19%
JUBLFOOD,12-06-2024 14:15,12-09-2024 14:15,buy,0.00%
IRB,12-06-2024 15:15,12-10-2024 12:15,sell,0.01%
ANGELONE,12-09-2024 10:15,12-10-2024 15:15,sell,-0.17%
LT,12-09-2024 10:15,12-10-2024 14:15,buy,-0.06%
GMRAIRPORT,12-09-2024 12:15,12-10-2024 10:15,sell,-0.16%
INDHOTEL,12-09-2024 13:15,12-10-2024 10:15,sell,-0.09%
JINDALSTEL,12-09-2024 14:15,12-12-2024 10:15,sell,0.29%
DELHIVERY,12-10-2024 10:15,12/17/2024 14:15,buy,0.39%
LTIM,12-10-2024 10:15,12/17/2024 11:15,buy,0.29%
MUTHOOTFIN,12-10-2024 10:15,12/13/2024 10:15,sell,0.27%
NMDC,12-10-2024 10:15,12-10-2024 13:15,buy,-0.10%
WIPRO,12-10-2024 10:15,12-11-2024 11:15,buy,-0.05%
MPHASIS,12-10-2024 12:15,12-11-2024 12:15,buy,-0.11%
CHOLAFIN,12-11-2024 10:15,12-12-2024 12:15,sell,-0.04%
CYIENT,12-11-2024 10:15,12/13/2024 10:15,buy,-0.03%
VEDL,12-11-2024 10:15,12/13/2024 10:15,sell,-0.19%
IRFC,12-11-2024 11:15,12-12-2024 10:15,sell,-0.06%
IEX,12-11-2024 12:15,12-12-2024 10:15,buy,-0.14%
COFORGE,12-12-2024 10:15,12/13/2024 10:15,buy,-0.14%
MAXHEALTH,12-12-2024 10:15,12/18/2024 13:15,sell,0.31%
NAUKRI,12-12-2024 10:15,12-12-2024 12:15,sell,-0.15%
LODHA,12-12-2024 14:15,12/13/2024 10:15,buy,-0.28%
BHARTIARTL,12/13/2024 12:15,12/16/2024 14:15,buy,-0.05%
PAGEIND,12/13/2024 12:15,12/18/2024 10:15,sell,0.06%
INDHOTEL,12/13/2024 15:15,12/18/2024 10:15,buy,0.18%
DIXON,12/16/2024 10:15,12/19/2024 10:15,buy,-0.04%
PRESTIGE,12/16/2024 11:15,12/19/2024 10:15,sell,0.27%
OBEROIRLTY,12/16/2024 12:15,12/19/2024 10:15,sell,0.30%
ABB,12/16/2024 13:15,12/17/2024 12:15,buy,-0.08%
SHREECEM,12/16/2024 14:15,12/18/2024 11:15,sell,0.01%
PAYTM,12/17/2024 11:15,12/17/2024 15:15,buy,-0.24%
COFORGE,12/18/2024 12:15,12/20/2024 12:15,buy,-0.01%
UNITDSPR,12/18/2024 12:15,12/19/2024 13:15,buy,-0.09%
DRREDDY,12/19/2024 10:15,12/23/2024 13:15,sell,0.26%
TORNTPHARM,12/19/2024 13:15,12/20/2024 14:15,buy,-0.02%
PERSISTENT,12/19/2024 15:15,12/20/2024 10:15,buy,-0.16%
INDIGO,12/24/2024 11:15,12/26/2024 10:15,buy,-0.14%
INDIGO,12/26/2024 15:15,12/27/2024 15:15,buy,-0.12%
BAJAJ-AUTO,12/27/2024 10:15,12/27/2024 12:15,buy,-0.14%
EICHERMOT,12/27/2024 10:15,12/27/2024 12:15,sell,-0.18%
SUNPHARMA,12/27/2024 13:15,12/31/2024 15:15,buy,0.15%
DRREDDY,12/27/2024 14:15,12/30/2024 10:15,sell,-0.14%
BIOCON,12/30/2024 10:15,12/31/2024 15:15,sell,0.09%
LUPIN,12/30/2024 10:15,01-02-2025 12:15,buy,0.43%
ADANIENT,12/30/2024 11:15,12/31/2024 11:15,buy,-0.01%
ATGL,12/30/2024 15:15,01-01-2025 15:15,sell,0.11%
COFORGE,12/30/2024 15:15,12/31/2024 10:15,sell,-0.40%
DIVISLAB,12/30/2024 15:15,01-01-2025 12:15,buy,-0.04%
PERSISTENT,12/30/2024 15:15,12/31/2024 10:15,sell,-0.50%
UNITDSPR,12/30/2024 15:15,01-03-2025 12:15,buy,0.34%
AUROPHARMA,12/31/2024 10:15,01-02-2025 13:15,sell,0.19%
IGL,12/31/2024 14:15,01-01-2025 10:15,buy,-0.17%
VOLTAS,12/31/2024 14:15,01-01-2025 10:15,buy,-0.20%
LAURUSLABS,12/31/2024 15:15,01-03-2025 10:15,sell,0.10%
